x(chord_dir),y(span_dir)
0.003,0.018
0.003,0.018179999999999998
0.003,0.018359999999999998
0.003,0.018539999999999997
0.003,0.018719999999999997
0.003,0.0189
0.003,0.01908
0.003,0.01926
0.003,0.01944
0.003,0.01962
0.003,0.019799999999999998
0.003,0.019979999999999998
0.003,0.020159999999999997
0.003,0.020339999999999997
0.003,0.020519999999999997
0.003,0.0207
0.003,0.02088
0.003,0.02106
0.003,0.02124
0.003,0.021419999999999998
0.003,0.021599999999999998
0.003,0.021779999999999997
0.003,0.02196
0.003,0.02214
0.003,0.02232
0.003,0.0225
0.003,0.02268
0.003,0.02286
0.003,0.023039999999999998
0.003,0.023219999999999998
0.003,0.023399999999999997
0.003,0.023579999999999997
0.003,0.023759999999999996
0.003,0.023939999999999996
0.003,0.02412
0.0030210091508423168,0.0243
0.003090920401239652,0.02448
0.0031604213094501747,0.024659999999999998
0.0032295229221358354,0.024839999999999997
0.0032982356615755435,0.025019999999999997
0.003366569376086492,0.0252
0.0034345333852105293,0.02538
0.0035021365203237024,0.02556
0.003569387161230619,0.02574
0.0036362932692249276,0.02592
0.0037028624170298403,0.026099999999999998
0.003769101815976038,0.026279999999999998
0.0038350183407264873,0.026459999999999997
0.003900618551817142,0.026639999999999997
0.0039659087162480485,0.026819999999999997
0.004030894826329872,0.026999999999999996
0.004095582616965686,0.027179999999999996
0.004159977581526111,0.027359999999999995
0.004224084986457187,0.02754
0.004287909884744233,0.027719999999999998
0.004351457128340809,0.027899999999999998
0.00441473137965978,0.028079999999999997
0.004477737122212748,0.028259999999999997
0.0045404786704748516,0.02844
0.004602960179043741,0.02862
0.004665185651154375,0.0288
0.004727158946604924,0.02898
0.00478888378914357,0.02916
0.004850363773360943,0.029339999999999998
0.004911602371128657,0.029519999999999998
0.004972602937620468,0.029699999999999997
0.005033368716949136,0.029879999999999997
0.005093902847448976,0.030059999999999996
0.005154208366631355,0.030239999999999996
0.0052142882158379,0.030419999999999996
0.005274145244613974,0.030599999999999995
0.005333782214823028,0.03078
0.005393201804520593,0.030959999999999998
0.005452406611605147,0.031139999999999998
0.005511399157261553,0.03132
0.005570181889211546,0.0315
0.0056287571847844905,0.03168
0.005687127353820604,0.03186
0.005745294641417829,0.03204
0.0058032612305327115,0.03222
0.005861029244444773,0.0324
0.005918600749093154,0.03258
0.005975977755293695,0.03276
0.0060331622208439125,0.03294
0.006090156052522848,0.03312
0.00614696110799224,0.033299999999999996
0.0062035791976049635,0.033479999999999996
0.006260012086126345,0.033659999999999995
0.006316261494373437,0.033839999999999995
0.006372329100777118,0.034019999999999995
0.006428216542871439,0.034199999999999994
0.006483925418714391,0.034379999999999994
0.0065394572882439776,0.034559999999999994
0.006594813674573207,0.03473999999999999
0.006649996065227382,0.03491999999999999
0.0067050059133268464,0.03509999999999999
0.006759844638718161,0.03527999999999999
0.00681451362905645,0.03546
0.006869014240841503,0.03564
0.006923347800410113,0.03582
0.006977515604886852,0.036
0.00703151892309548,0.03618
0.007085358996432967,0.036359999999999996
0.00713903703970801,0.036539999999999996
0.007192554241945851,0.036719999999999996
0.0072459117671610195,0.036899999999999995
0.0072991107550995984,0.03708
0.007352152321952489,0.03726
0.007405037561041064,0.03744
0.007457767543476532,0.03762
0.007510343318794232,0.0378
0.007562765915564078,0.03798
0.007615036341978191,0.03816
0.0076671555864168345,0.03834
0.0077191246179935885,0.03852
0.007770944387080734,0.0387
0.007822615825815706,0.03888
0.007874139848589482,0.03906
0.007925517352517676,0.03924
0.007976749217895103,0.03942
0.008027836308634517,0.039599999999999996
0.008078779472690237,0.039779999999999996
0.008129579542467246,0.039959999999999996
0.008180237335216424,0.040139999999999995
0.008230753653416467,0.040319999999999995
0.008281129285143057,0.040499999999999994
0.008331365004425807,0.040679999999999994
0.008381461571593477,0.040859999999999994
0.008431419733607918,0.04103999999999999
0.008481240224387237,0.04121999999999999
0.008530923765118584,0.04139999999999999
0.008580471064560951,0.04157999999999999
0.008629882819338453,0.04175999999999999
0.00867915971422435,0.04194
0.00872830242241627,0.04212
0.008777311605802914,0.0423
0.008826187915222567,0.04248
0.008874931990713769,0.04266
0.008923544461758371,0.042839999999999996
0.008972025947517335,0.043019999999999996
0.009020377057059487,0.043199999999999995
0.009068598389583502,0.043379999999999995
0.009116690534633388,0.04356
0.009164654072307666,0.04374
0.009212489573462514,0.04392
0.00926019759990903,0.0441
0.009307778704604908,0.04428
0.00935523343184065,0.04446
0.00940256231742052,0.04464
0.009449765888838472,0.04482
0.009496844665449143,0.045
0.009543799158634155,0.04518
0.009590629871963845,0.04536
0.009637337301354576,0.04554
0.00968392193522181,0.04572
0.009730384254629037,0.045899999999999996
0.009776724733432747,0.046079999999999996
0.009822943838423534,0.046259999999999996
0.00986904202946348,0.046439999999999995
0.009915019759619937,0.046619999999999995
0.009960877475295829,0.046799999999999994
0.010006615616356549,0.046979999999999994
0.010052234616253623,0.047159999999999994
0.010097734902145201,0.04733999999999999
0.010143116895013467,0.04751999999999999
0.010188381009779089,0.04769999999999999
0.010233527655412793,0.04787999999999999
0.010278557235044158,0.04805999999999999
0.010323470146067703,0.04823999999999999
0.010368266780246327,0.04841999999999999
0.010412947523812265,0.0486
0.010457512757565523,0.04878
0.010501962856969973,0.04896
0.010546298192247078,0.049139999999999996
0.010590519128467429,0.04932
0.010634626025640028,0.0495
0.010678619238799517,0.04968
0.010722499118091304,0.04986
0.010766266008854717,0.05004
0.010809920251704207,0.05022
0.01085346218260865,0.0504
0.010896892132968858,0.05058
0.010940210429693273,0.05076
0.010983417395271948,0.05094
0.011026513347848845,0.05112
0.011069498601292495,0.0513
0.011112373465265077,0.05148
0.01115513824528994,0.05166
0.011197793242817632,0.05184
0.011240338755290466,0.05202
0.01128277507620566,0.052199999999999996
0.011325102495177087,0.052379999999999996
0.011367321297995702,0.052559999999999996
0.011409431766688615,0.052739999999999995
0.011451434179576942,0.052919999999999995
0.011493328811332361,0.053099999999999994
0.011535115933032504,0.053279999999999994
0.01157679581221512,0.053459999999999994
0.011618368712931157,0.05363999999999999
0.011659834895796644,0.05381999999999999
0.011701194618043562,0.05399999999999999
0.0117424481335696,0.05417999999999999
0.011783595692986896,0.05435999999999999
0.011824637543669768,0.05453999999999999
0.011865573929801473,0.05471999999999999
0.011906405092419968,0.05489999999999999
0.011947131269462804,0.05507999999999999
0.011987752695811031,0.05525999999999999
0.012028269603332274,0.05543999999999999
0.012068682220922923,0.05561999999999999
0.012108990774549449,0.05579999999999999
0.012149195487288947,0.05598
0.012189296579368831,0.05616
0.012229294268205761,0.05634
0.012269188768443802,0.05652
0.012308980291991822,0.0567
0.012348669048060186,0.05688
0.0123882552431967,0.05706
0.012427739081321887,0.05724
0.012467120763763575,0.05742
0.012506400489290793,0.0576
0.01254557845414708,0.05778
0.012584654852083078,0.05796
0.012623629874388571,0.05814
0.012662503709923898,0.05832
0.012701276545150748,0.058499999999999996
0.012739948564162414,0.058679999999999996
0.012778519948713459,0.058859999999999996
0.012816990878248839,0.059039999999999995
0.012855361529932477,0.059219999999999995
0.0128936320786753,0.059399999999999994
0.0129318026971628,0.059579999999999994
0.012969873555882036,0.059759999999999994
0.01300784482314817,0.05993999999999999
0.01304571666513052,0.06011999999999999
0.013083489245878125,0.06029999999999999
0.013121162727344865,0.06047999999999999
0.013158737269414111,0.06065999999999999
0.01319621302992294,0.06083999999999999
0.013233590164685912,0.06101999999999999
0.01327086882751844,0.06119999999999999
0.013308049170259703,0.06137999999999999
0.01334513134279519,0.06155999999999999
0.013382115493078842,0.06173999999999999
0.01341900176715478,0.06191999999999999
0.01345579030917866,0.06209999999999999
0.013492481261438677,0.06227999999999999
0.013529074764376163,0.06246
0.013565570956605858,0.06264
0.013601969974935813,0.06282
0.013638271954386945,0.063
0.01367447702821228,0.06318
0.013710585327915826,0.06336
0.013746596983271141,0.06354
0.013782512122339597,0.06372
0.01381833087148831,0.0639
0.013854053355407764,0.06408
0.013889679697129164,0.06426
0.013925210018041447,0.06444
0.013960644437908069,0.06462
0.013995983074883422,0.0648
0.014031226045529092,0.06498
0.014066373464829704,0.06516
0.014101425446208639,0.06534
0.01413638210154338,0.06552
0.014171243541180673,0.0657
0.014206009873951396,0.06588
0.014240681207185194,0.06606
0.014275257646724885,0.06624
0.014309739296940599,0.06641999999999999
0.014344126260743715,0.06659999999999999
0.014378418639600538,0.06677999999999999
0.014412616533545771,0.06695999999999999
0.014446720041195786,0.06713999999999999
0.014480729259761597,0.06731999999999999
0.014514644285061733,0.06749999999999999
0.014548465211534824,0.06767999999999999
0.014582192132251993,0.06785999999999999
0.014615825138929062,0.06803999999999999
0.014649364321938578,0.06821999999999999
0.014682809770321568,0.06839999999999999
0.014716161571799212,0.06857999999999999
0.014749419812784234,0.06875999999999999
0.014782584578392157,0.06893999999999999
0.01481565595245237,0.06912
0.014848634017518993,0.0693
0.014881518854881612,0.06948
0.014914310544575798,0.06966
0.014947009165393479,0.06984
0.014979614794893143,0.07002
0.01501212750940985,0.0702
0.015044547384065163,0.07038
0.0150768744927768,0.07056
0.015109108908268252,0.07074
0.015141250702078148,0.07092
0.015173299944569556,0.0711
0.015205256704939043,0.07128
0.015237121051225693,0.07146
0.015268893050319894,0.07164
0.015300572767972032,0.07182
0.015332160268801017,0.072
0.015363655616302716,0.07218
0.0153950588728582,0.07236
0.015426370099741902,0.07254
0.015457589357129608,0.07271999999999999
0.01548871670410635,0.07289999999999999
0.015519752198674156,0.07307999999999999
0.015550695897759679,0.07325999999999999
0.015581547857221711,0.07343999999999999
0.015612308131858574,0.07361999999999999
0.015642976775415367,0.07379999999999999
0.01567355384059116,0.07397999999999999
0.01570403937904598,0.07415999999999999
0.01573443344140779,0.07433999999999999
0.015764736077279247,0.07451999999999999
0.015794947335244464,0.07469999999999999
0.01582506726287555,0.07487999999999999
0.015855095906739128,0.07505999999999999
0.015885033312402718,0.07523999999999999
0.015914879524441015,0.07541999999999999
0.015944634586442054,0.0756
0.015974298541013288,0.07578
0.01600387142978758,0.07596
0.016033353293429083,0.07614
0.016062744171639002,0.07632
0.016092044103161302,0.0765
0.016121253125788285,0.07668
0.016150371276366118,0.07686
0.01617939859080021,0.07704
0.016208335104060553,0.07722
0.01623718085018697,0.0774
0.016265935862294214,0.07758
0.01629460017257706,0.07776
0.01632317381231527,0.07794
0.01635165681187848,0.07812
0.01638004920073101,0.0783
0.016408351007436563,0.07848
0.016436562259662918,0.07866
0.016464682984186428,0.07884
0.01649271320689657,0.07901999999999999
0.016520652952800283,0.07919999999999999
0.01654850224602637,0.07937999999999999
0.016576261109829685,0.07955999999999999
0.016603929566595357,0.07973999999999999
0.016631507637842862,0.07991999999999999
0.016658995344230085,0.08009999999999999
0.01668639270555724,0.08027999999999999
0.016713699740770808,0.08045999999999999
0.01674091646796731,0.08064
0.016768042904397065,0.08082
0.01679507906646787,0.081
0.016822024969748644,0.08118
0.0168488806289729,0.08136
0.016875646058042284,0.08154
0.016902321270029948,0.08172
0.016928906277183933,0.0819
0.01695540109093039,0.08208
0.016981805721876863,0.08226
0.0170081201798154,0.08244
0.017034344473725666,0.08262
0.01706047861177796,0.0828
0.01708652260133619,0.08298
0.01711247644896079,0.08316
0.017138340160411557,0.08334
0.017164113740650452,0.08352
0.017189797193844315,0.0837
0.017215390523367572,0.08388
0.0172408937318048,0.08406
0.017266306820953353,0.08424
0.017291629791825802,0.08442
0.01731686264465243,0.0846
0.017342005378883592,0.08478
0.017367057993192086,0.08496
0.017392020485475397,0.08514
0.017416892852857982,0.08532
0.017441675091693382,0.08549999999999999
0.017466367197566404,0.08567999999999999
0.01749096916529516,0.08585999999999999
0.017515480988933112,0.08603999999999999
0.01753990266177101,0.08621999999999999
0.01756423417633885,0.08639999999999999
0.017588475524407707,0.08657999999999999
0.01761262669699158,0.08675999999999999
0.01763668768434914,0.08693999999999999
0.017660658475985476,0.08711999999999999
0.017684539060653735,0.0873
0.017708329426356764,0.08748
0.017732029560348687,0.08766
0.017755639449136416,0.08784
0.01777915907848115,0.08802
0.01780258843339979,0.0882
0.01782592749816633,0.08838
0.01784917625631321,0.08856
0.01787233469063259,0.08874
0.017895402783177604,0.08892
0.017918380515263576,0.0891
0.017941267867469156,0.08928
0.017964064819637443,0.08946
0.017986771350877062,0.08964
0.018009387439563172,0.08982
0.01803191306333846,0.09
0.018054348199114053,0.09018
0.01807669282307044,0.09036
0.018098946910658317,0.09054
0.01812111043659937,0.09072
0.018143183374887063,0.0909
0.01816516569878734,0.09108
0.01818705738083934,0.09126
0.018208858392855975,0.09144
0.01823056870592458,0.09162
0.018252188290407444,0.09179999999999999
0.01827371711594231,0.09197999999999999
0.018295155151442866,0.09215999999999999
0.018316502365099175,0.09233999999999999
0.018337758724378032,0.09251999999999999
0.018358924196023352,0.09269999999999999
0.01837999874605646,0.09287999999999999
0.018400982339776342,0.09305999999999999
0.0184218749417599,0.09323999999999999
0.01844267651586212,0.09341999999999999
0.018463387025216205,0.09359999999999999
0.018484006432233725,0.09378
0.01850453469860464,0.09396
0.01852497178529734,0.09414
0.01854531765255864,0.09432
0.01856557225991373,0.0945
0.01858573556616605,0.09468
0.0186058075293972,0.09486
0.01862578810696677,0.09504
0.018645677255512076,0.09522
0.018665474930947973,0.0954
0.01868518108846655,0.09558
0.01870479568253678,0.09576
0.018724318666904185,0.09594
0.018743749994590414,0.09612
0.018763089617892813,0.0963
0.018782337488383948,0.09648
0.018801493556911048,0.09666
0.0188205577735955,0.09684
0.018839530087832203,0.09702
0.01885841044828899,0.0972
0.01887719880290588,0.09738
0.01889589509889445,0.09756
0.01891449928273701,0.09774
0.01893301130018585,0.09792
0.01895143109626243,0.09809999999999999
0.018969758615256457,0.09827999999999999
0.018987993800725037,0.09845999999999999
0.01900613659549172,0.09863999999999999
0.019024186941645486,0.09881999999999999
0.01904214478053976,0.09899999999999999
0.019060010052791353,0.09917999999999999
0.019077782698279342,0.09935999999999999
0.01909546265614394,0.09953999999999999
0.019113049864785337,0.09971999999999999
0.019130544261862493,0.09989999999999999
0.01914794578429185,0.10007999999999999
0.019165254368246076,0.10025999999999999
0.01918246994915272,0.10044
0.019199592461692838,0.10062
0.01921662183979962,0.1008
0.01923355801665689,0.10098
0.019250400924697663,0.10116
0.019267150495602594,0.10134
0.01928380666029844,0.10152
0.019300369348956445,0.1017
0.019316838490990664,0.10188
0.019333214015056326,0.10206
0.019349495849048104,0.10224
0.019365683920098326,0.10242
0.019381778154575195,0.1026
0.019397778478080937,0.10278
0.019413684815449903,0.10296
0.0194294970907467,0.10314
0.019445215227264147,0.10332
0.019460839147521333,0.1035
0.019476368773261536,0.10368
0.019491804025450164,0.10386
0.019507144824272588,0.10404
0.019522391089132007,0.10422
0.019537542738647235,0.10439999999999999
0.01955259969065041,0.10457999999999999
0.019567561862184737,0.10475999999999999
0.019582429169502147,0.10493999999999999
0.019597201528060895,0.10511999999999999
0.019611878852523162,0.10529999999999999
0.019626461056752566,0.10547999999999999
0.01964094805381169,0.10565999999999999
0.019655339755959466,0.10583999999999999
0.019669636074648663,0.10601999999999999
0.019683836920523192,0.10619999999999999
0.01969794220341543,0.10637999999999999
0.019711951832343505,0.10655999999999999
0.01972586571550854,0.10673999999999999
0.019739683760291782,0.10692
0.01975340587325182,0.1071
0.019767031960121605,0.10728
0.019780561925805552,0.10746
0.01979399567437651,0.10764
0.01980733310907274,0.10782
0.019820574132294815,0.108
0.019833718645602485,0.10818
0.019846766549711476,0.10836
0.019859717744490316,0.10854
0.019872572128956996,0.10872
0.019885329601275675,0.1089
0.019897990058753295,0.10908
0.019910553397836164,0.10926
0.019923019514106494,0.10944
0.019935388302278863,0.10962
0.01994765965619665,0.1098
0.01995983346882842,0.10998
0.01997190963226426,0.11016
0.019983888037712037,0.11034
0.019995768575493636,0.11052
0.020007551135041157,0.11069999999999999
0.020019235604893,0.11087999999999999
0.020030821872689973,0.11105999999999999
0.02004230982517128,0.11123999999999999
0.02005369934817053,0.11141999999999999
0.020064990326611593,0.11159999999999999
0.020076182644504517,0.11177999999999999
0.020087276184941286,0.11195999999999999
0.020098270830091587,0.11213999999999999
0.020109166461198525,0.11231999999999999
0.020119962958574225,0.11249999999999999
0.020130660201595433,0.11267999999999999
0.02014125806869904,0.11285999999999999
0.020151756437377558,0.11303999999999999
0.020162155184174503,0.11321999999999999
0.020172454184679778,0.11339999999999999
0.020182653313524954,0.11358
0.02019275244437849,0.11376
0.020202751449940937,0.11394
0.020212650201940026,0.11412
0.02022244857112572,0.1143
0.02023214642726523,0.11448
0.020241743639137912,0.11466
0.02025124007453016,0.11484
0.0202606356002302,0.11502
0.02026993008202281,0.1152
0.020279123384684027,0.11538
0.020288215371975737,0.11556
0.020297205906640216,0.11574
0.020306094850394626,0.11592
0.020314882063925392,0.1161
0.02032356740688259,0.11628
0.020332150737874182,0.11646
0.020340631914460235,0.11664
0.020349010793147066,0.11682
0.02035728722938128,0.11699999999999999
0.020365461077543796,0.11717999999999999
0.020373532190943754,0.11735999999999999
0.020381500421812356,0.11753999999999999
0.020389365621296656,0.11771999999999999
0.020397127639453245,0.11789999999999999
0.020404786325241894,0.11807999999999999
0.020412341526519096,0.11825999999999999
0.02041979309003154,0.11843999999999999
0.02042714086140951,0.11861999999999999
0.02043438468516021,0.11879999999999999
0.020441524404660974,0.11897999999999999
0.020448559862152473,0.11915999999999999
0.020455490898731745,0.11933999999999999
0.020462317354345234,0.11951999999999999
0.02046903906778166,0.11969999999999999
0.0204756558766649,0.11987999999999999
0.020482167617446687,0.12006
0.02048857412539931,0.12024
0.02049487523460817,0.12042
0.020501070777964245,0.1206
0.02050716058715653,0.12078
0.020513144492664337,0.12096
0.02051902232374949,0.12114
0.02052479390844846,0.12132
0.02053045907356444,0.1215
0.020536017644659222,0.12168
0.02054146944604511,0.12186
0.020546814300776605,0.12204
0.020552052030642122,0.12222
0.020557182456155506,0.1224
0.0205622053965475,0.12258
0.020567120669757116,0.12276
0.020571928092422864,0.12294
0.02057662747987394,0.12312
0.020581218646121224,0.12329999999999999
0.020585701403848286,0.12347999999999999
0.020590075564402174,0.12365999999999999
0.020594340937784165,0.12383999999999999
0.020598497332640377,0.12401999999999999
0.02060254455625229,0.12419999999999999
0.020606482414527123,0.12437999999999999
0.020610310711988142,0.12455999999999999
0.02061402925176482,0.12473999999999999
0.02061763783558288,0.12491999999999999
0.020621136263754232,0.1251
0.020624524335166827,0.12527999999999997
0.020627801847274304,0.12546
0.020630968596085583,0.12563999999999997
0.020634024376154317,0.12582
0.020636968980568226,0.12599999999999997
0.02063980220093828,0.12618
0.020642523827387772,0.12635999999999997
0.020645133648541276,0.12653999999999999
0.02064763145151342,0.12672
0.020650017021897588,0.12689999999999999
0.020652290143754453,0.12708
0.02065445059960037,0.12725999999999998
0.020656498170395665,0.12744
0.020658432635532704,0.12761999999999998
0.02066025377282394,0.1278
0.0206619613584897,0.12797999999999998
0.020663555167145874,0.12816
0.02066503497179149,0.12833999999999998
0.020666400543796076,0.12852
0.0206676516528869,0.12869999999999998
0.020668788067136054,0.12888
0.02066980955294739,0.12905999999999998
0.020670715875043273,0.12924
0.020671506796451196,0.12941999999999998
0.020672182078490225,0.1296
0.02067274148075727,0.12977999999999998
0.020673184761113184,0.12996
0.020673511675668735,0.13013999999999998
0.020673721978770356,0.13032
0.02067381542298572,0.13049999999999998
0.020673791759089184,0.13068
0.02067365073604701,0.13085999999999998
0.020673392101002424,0.13104
0.020673015599260467,0.13121999999999998
0.02067252097427271,0.1314
0.020671907967621715,0.13157999999999997
0.020671176319005346,0.13176
0.02067032576622086,0.13193999999999997
0.020669356045148825,0.13212
0.020668266889736806,0.13229999999999997
0.02066705803198289,0.13248
0.020665729201918937,0.13265999999999997
0.020664280127593693,0.13283999999999999
0.020662710535055643,0.13301999999999997
0.020661020148335662,0.13319999999999999
0.02065920868942944,0.13338
0.020657275878279698,0.13355999999999998
0.020655221432758178,0.13374
0.02065304506864736,0.13391999999999998
0.020650746499622025,0.1341
0.020648325437230497,0.13427999999999998
0.020645781590875698,0.13446
0.020643114667795965,0.13463999999999998
0.020640324373045575,0.13482
0.020637410409475053,0.13499999999999998
0.02063437247771119,0.13518
0.020631210276136906,0.13535999999999998
0.020627923500870657,0.13554
0.020624511845745788,0.13571999999999998
0.020620975002289453,0.1359
0.02061731265970137,0.13607999999999998
0.020613524504832212,0.13626
0.020609610222161758,0.13643999999999998
0.020605569493776777,0.13662
0.020601401999348554,0.13679999999999998
0.020597107416110174,0.13698
0.020592685418833485,0.13715999999999998
0.020588135679805736,0.13734
0.020583457868805947,0.13751999999999998
0.020578651653080923,0.1377
0.02057371669732095,0.13787999999999997
0.020568652663635185,0.13806
0.020563459211526695,0.13823999999999997
0.02055813599786715,0.13842
0.02055268267687124,0.13859999999999997
0.020547098900070594,0.13878
0.020541384316287548,0.13895999999999997
0.02053553857160835,0.13913999999999999
0.020529561309356167,0.13931999999999997
0.02052345217006359,0.13949999999999999
0.020517210791444848,0.13967999999999997
0.020510836808367582,0.13985999999999998
0.020504329852824285,0.14004
0.02049768955390327,0.14021999999999998
0.02049091553775929,0.1404
0.02048400742758373,0.14057999999999998
0.020476964843574388,0.14076
0.020469787402904796,0.14093999999999998
0.020462474719693168,0.14112
0.020455026404970846,0.14129999999999998
0.020447442066650348,0.14148
0.02043972130949293,0.14165999999999998
0.020431863735075696,0.14184
0.020423868941758225,0.14201999999999998
0.02041573652464877,0.1422
0.02040746607556986,0.14237999999999998
0.020399057183023536,0.14256
0.020390509432155996,0.14273999999999998
0.020381822404721743,0.14292
0.020372995679047236,0.14309999999999998
0.020364028829993983,0.14328
0.020354921428921084,0.14345999999999998
0.020345673043647265,0.14364
0.02033628323841231,0.14381999999999998
0.02032675157383795,0.144
0.02031707760688812,0.14417999999999997
0.02030726089082871,0.14436
0.02029730097518664,0.14453999999999997
0.020287197405708335,0.14472
0.02027694972431762,0.14489999999999997
0.0202665574690729,0.14508
0.020256020174123753,0.14525999999999997
0.020245337369666886,0.14543999999999999
0.02023450858190131,0.14561999999999997
0.02022353333298294,0.14579999999999999
0.02021241114097845,0.14597999999999997
0.020201141519818427,0.14615999999999998
0.02018972397924978,0.14633999999999997
0.02017815802478744,0.14651999999999998
0.020166443157665304,0.14669999999999997
0.020154578874786395,0.14687999999999998
0.020142564668672248,0.14705999999999997
0.02013040002741151,0.14723999999999998
0.020118084434607723,0.14741999999999997
0.02010561736932629,0.14759999999999998
0.020092998306040576,0.14777999999999997
0.020080226714577144,0.14795999999999998
0.0200673020600602,0.14813999999999997
0.020054223802854987,0.14831999999999998
0.02004099139851045,0.14849999999999997
0.02002760429770082,0.14867999999999998
0.020014061946166353,0.14885999999999996
0.020000363784653044,0.14903999999999998
0.019986509248851373,0.14921999999999996
0.019972497769334078,0.14939999999999998
0.019958328771492853,0.14957999999999996
0.019944001675474023,0.14975999999999998
0.01992951589611318,0.14994
0.01991487084286865,0.15011999999999998
0.019900065919753976,0.1503
0.019885100525269105,0.15047999999999997
0.019869974052330607,0.15066
0.019854685888200534,0.15083999999999997
0.019839235414414184,0.15102
0.019823622006706627,0.15119999999999997
0.019807845034937918,0.15138
0.01979190386301706,0.15155999999999997
0.01977579784882471,0.15173999999999999
0.01975952634413446,0.15191999999999997
0.019743088694532767,0.15209999999999999
0.019726484239337604,0.15227999999999997
0.019709712311515477,0.15245999999999998
0.019692772237597217,0.15263999999999997
0.019675663337592096,0.15281999999999998
0.01965838492490055,0.15299999999999997
0.01964093630622528,0.15317999999999998
0.01962331678148081,0.15335999999999997
0.01960552564370139,0.15353999999999998
0.019587562178947273,0.15371999999999997
0.01956942566620929,0.15389999999999998
0.019551115377311683,0.15407999999999997
0.019532630576813172,0.15425999999999998
0.01951397052190625,0.15443999999999997
0.019495134462314562,0.15461999999999998
0.01947612164018847,0.15479999999999997
0.01945693128999861,0.15497999999999998
0.01943756263842753,0.15515999999999996
0.01941801490425929,0.15533999999999998
0.019398287298266956,0.15551999999999996
0.01937837902309804,0.15569999999999998
0.01935828927315772,0.15587999999999996
0.01933801723448988,0.15605999999999998
0.019317562084655862,0.15623999999999996
0.01929692299261089,0.15641999999999998
0.01927609911857815,0.1566
0.019255089613920414,0.15677999999999997
0.019233893621009173,0.15696
0.01921251027309121,0.15713999999999997
0.01919093869415263,0.15732
0.019169177998780103,0.15749999999999997
0.01914722729201945,0.15768
0.01912508566923145,0.15785999999999997
0.019102752215944645,0.15803999999999999
0.019080226007705352,0.15821999999999997
0.019057506109924568,0.15839999999999999
0.0190345915777218,0.15857999999999997
0.019011481455765727,0.15875999999999998
0.01898817477811165,0.15893999999999997
0.018964670568035552,0.15911999999999998
0.01894096783786479,0.15929999999999997
0.01891706558880527,0.15947999999999998
0.01889296281076505,0.15965999999999997
0.018868658482174235,0.15983999999999998
0.01884415156980112,0.16001999999999997
0.018819441028564445,0.16019999999999998
0.01879452580134169,0.16037999999999997
0.018769404818773285,0.16055999999999998
0.018744076999062654,0.16073999999999997
0.018718541247771902,0.16091999999999998
0.018692796457613205,0.16109999999999997
0.01866684150823557,0.16127999999999998
0.018640675266007007,0.16145999999999996
0.018614296583791896,0.16163999999999998
0.018587704300723495,0.16181999999999996
0.01856089724197139,0.16199999999999998
0.01853387421850377,0.16217999999999996
0.01850663402684439,0.16235999999999998
0.018479175448824103,0.16253999999999996
0.018451497251326766,0.16271999999999998
0.018423598186029358,0.1629
0.01839547698913622,0.16307999999999997
0.01836713238110714,0.16326
0.018338563066379255,0.16343999999999997
0.018309767733082398,0.16362
0.018280745052747956,0.16379999999999997
0.01825149368001075,0.16398
0.01822201225230407,0.16415999999999997
0.01819229938954732,0.16433999999999999
0.0181623536938264,0.16451999999999997
0.018132173749066276,0.16469999999999999
0.018101758120695834,0.16487999999999997
0.01807110535530449,0.16505999999999998
0.018040213980290567,0.16523999999999997
0.018009082503500952,0.16541999999999998
0.01797770941286202,0.16559999999999997
0.017946093176001342,0.16577999999999998
0.017914232239860016,0.16595999999999997
0.017882125030295293,0.16613999999999998
0.01784976995167323,0.16631999999999997
0.017817165386451013,0.16649999999999998
0.01778430969474868,0.16667999999999997
0.017751201213909846,0.16685999999999998
0.017717838258051163,0.16703999999999997
0.017684219117600083,0.16721999999999998
0.017650342058820625,0.16739999999999997
0.01761620532332664,0.16757999999999998
0.017581807127582342,0.16775999999999996
0.017547145662389522,0.16793999999999998
0.017512219092361142,0.16811999999999996
0.017477025555380717,0.16829999999999998
0.017441563162047233,0.16847999999999996
0.017405829995104826,0.16865999999999998
0.01736982410885701,0.16883999999999996
0.01733354352856468,0.16901999999999998
0.01729698624982758,0.16919999999999996
0.017260150237948364,0.16937999999999998
0.017223033427279027,0.16956
0.017185633720548738,0.16973999999999997
0.01714794898817268,0.16992
0.017109977067541124,0.17009999999999997
0.017071715762287998,0.17028
0.017033162841538357,0.17045999999999997
0.0169943160391339,0.17064
0.0169551730528357,0.17081999999999997
0.01691573154350351,0.17099999999999999
0.01687598913425051,0.17117999999999997
0.016835943409572937,0.17135999999999998
0.016795591914453293,0.17153999999999997
0.0167549321534365,0.17171999999999998
0.016713961589677695,0.17189999999999997
0.016672677643960843,0.17207999999999998
0.016631077693686835,0.17225999999999997
0.016589159071830062,0.17243999999999998
0.01654691906586225,0.17261999999999997
0.01650435491664207,0.17279999999999998
0.01646146381726956,0.17297999999999997
0.016418242911903552,0.17315999999999998
0.01637468929454104,0.17333999999999997
0.01633080000775658,0.17351999999999998
0.016286572041400476,0.17369999999999997
0.016242002331253762,0.17387999999999998
0.016197087757638513,0.17405999999999996
0.01615182514398134,0.17423999999999998
0.01610621125532839,0.17441999999999996
0.016060242796809662,0.17459999999999998
0.016013916412050605,0.17477999999999996
0.01596722868152861,0.17495999999999998
0.015920176120872286,0.17513999999999996
0.015872755179100712,0.17531999999999998
0.015824962236800494,0.17549999999999996
0.015776793604237355,0.17567999999999998
0.015728245519399955,0.17585999999999996
0.01567931414597239,0.17603999999999997
0.01562999557123259,0.17622
0.015580285803872931,0.17639999999999997
0.015530180771739744,0.17658
0.01547967631948787,0.17675999999999997
0.015428768206146288,0.17694
0.015377452102590809,0.17711999999999997
0.015325723588919189,0.17729999999999999
0.015273578151724315,0.17747999999999997
0.01522101118126021,0.17765999999999998
0.015168017968496062,0.17783999999999997
0.015114593702052351,0.17801999999999998
0.015060733465013711,0.17819999999999997
0.015006432231611891,0.17837999999999998
0.014951684863772775,0.17855999999999997
0.014896486107520125,0.17873999999999998
0.014840830589229026,0.17891999999999997
0.014784712811720967,0.17909999999999998
0.014728127150192666,0.17927999999999997
0.01467106784796932,0.17945999999999998
0.014613529012073571,0.17963999999999997
0.014555504608599657,0.17981999999999998
0.014496988457882687,0.17999999999999997
0.014437974229451317,0.18017999999999998
0.014378455436752332,0.18035999999999996
0.014318425431633787,0.18053999999999998
0.01425787739857361,0.18071999999999996
0.014196804348638598,0.18089999999999998
0.014135199113158683,0.18107999999999996
0.014073054337099407,0.18125999999999998
0.014010362472115182,0.18143999999999996
0.01394711576926393,0.18161999999999998
0.013883306271362956,0.18179999999999996
0.013818925804963933,0.18197999999999998
0.01375396597192364,0.18215999999999996
0.013688418140545146,0.18233999999999997
0.013622273436262305,0.18251999999999996
0.013555522731838457,0.18269999999999997
0.013488156637047825,0.18288
0.013420165487805873,0.18305999999999997
0.01335153933471199,0.18324
0.01328226793096536,0.18341999999999997
0.013212340719611092,0.18359999999999999
0.013141746820071087,0.18377999999999997
0.013070475013909292,0.18395999999999998
0.012998513729777976,0.18413999999999997
0.01292585102748593,0.18431999999999998
0.012852474581125631,0.18449999999999997
0.01277837166118983,0.18467999999999998
0.01270352911560296,0.18485999999999997
0.01262793334958503,0.18503999999999998
0.012551570304259414,0.18521999999999997
0.012474425433906538,0.18539999999999998
0.012396483681757662,0.18557999999999997
0.012317729454211702,0.18575999999999998
0.01223814659334801,0.18593999999999997
0.012157718347594678,0.18611999999999998
0.01207642734039878,0.18629999999999997
0.011994255536729176,0.18647999999999998
0.01191118420722547,0.18665999999999996
0.011827193889787322,0.18683999999999998
0.011742264348376741,0.18701999999999996
0.011656374528781705,0.18719999999999998
0.011569502511062096,0.18737999999999996
0.011481625458368096,0.18755999999999998
0.011392719561786478,0.18773999999999996
0.011302759980830603,0.18791999999999998
0.011211720779145612,0.18809999999999996
0.011119574854948773,0.18827999999999998
0.01102629386566803,0.18845999999999996
0.010931848146174478,0.18863999999999997
0.010836206619929999,0.18881999999999996
0.010739336702283095,0.18899999999999997
0.010641204195047256,0.18918
0.010541773171379698,0.18935999999999997
0.010441005849845437,0.18954
0.010338862456396935,0.18971999999999997
0.010235301072818382,0.18989999999999999
0.010130277469974563,0.19007999999999997
0.01002374492395621,0.19025999999999998
0.009915654012925474,0.19043999999999997
0.009805952392122091,0.19061999999999998
0.009694584544086927,0.19079999999999997
0.009581491500678219,0.19097999999999998
0.009466610532881801,0.19115999999999997
0.009349874803728423,0.19133999999999998
0.009231212978802618,0.19151999999999997
0.0091105487878253,0.19169999999999998
0.008987800529573254,0.19187999999999997
0.00886288051090916,0.19205999999999998
0.008735694408864823,0.19223999999999997
0.008606140542456604,0.19241999999999998
0.00847410903809668,0.19259999999999997
0.008339480868936683,0.19277999999999998
0.008202126744035337,0.19295999999999996
0.008061905817590878,0.19313999999999998
0.007918664181246886,0.19331999999999996
0.007772233093135037,0.19349999999999998
0.007622426885143031,0.19367999999999996
0.007469040473866388,0.19385999999999998
0.0073118463793864375,0.19403999999999996
0.007150591127333505,0.19421999999999998
0.006984990870630367,0.19439999999999996
0.0068147260133778345,0.19457999999999998
0.006639434543794534,0.19475999999999996
0.006458703675563473,0.19493999999999997
0.006272059241083182,0.19511999999999996
0.006078952049798116,0.19529999999999997
0.005878740076908197,0.19547999999999996
0.005670664809297541,0.19565999999999997
0.005453819218724473,0.19584
0.005227103425379479,0.19601999999999997
0.004989161719537283,0.19619999999999999
0.00473829035560407,0.19637999999999997
0.004472297596466462,0.19655999999999998
0.00418828177195582,0.19673999999999997
0.0038822596587298687,0.19691999999999998
0.003548499460299771,0.19709999999999997
0.003178207771987125,0.19727999999999998
0.0027565869808336696,0.19745999999999997
0.0022547896628717563,0.19763999999999998
0.0015983338796503256,0.19781999999999997
0.0,0.19799999999999998
0.0,0.19799999999999998
-0.004795001638950977,0.19781999999999997
-0.006764368988615269,0.19763999999999998
-0.008269760942501009,0.19745999999999997
-0.009534623315961374,0.19727999999999998
-0.010645498380899314,0.19709999999999997
-0.011646778976189607,0.19691999999999998
-0.012564845315867459,0.19673999999999997
-0.013416892789399386,0.19655999999999998
-0.014214871066812209,0.19637999999999997
-0.014967485158611848,0.19619999999999999
-0.01568131027613844,0.19601999999999997
-0.016361457656173417,0.19584
-0.017011994427892623,0.19565999999999997
-0.017636220230724593,0.19547999999999996
-0.018236856149394347,0.19529999999999997
-0.018816177723249547,0.19511999999999996
-0.01937611102669042,0.19493999999999997
-0.019918303631383603,0.19475999999999996
-0.020444178040133505,0.19457999999999998
-0.020954972611891103,0.19439999999999996
-0.021451773382000515,0.19421999999999998
-0.021935539138159314,0.19403999999999996
-0.022407121421599164,0.19385999999999998
-0.022867280655429093,0.19367999999999996
-0.02331669927940511,0.19349999999999998
-0.02375599254374066,0.19331999999999996
-0.024185717452772634,0.19313999999999998
-0.024606380232106012,0.19295999999999996
-0.02501844260681005,0.19277999999999998
-0.025422327114290044,0.19259999999999997
-0.02581842162736981,0.19241999999999998
-0.026207083226594468,0.19223999999999997
-0.026588641532727483,0.19205999999999998
-0.026963401588719762,0.19187999999999997
-0.027331646363475896,0.19169999999999998
-0.027693638936407854,0.19151999999999997
-0.02804962441118527,0.19133999999999998
-0.028399831598645404,0.19115999999999997
-0.028744474502034656,0.19097999999999998
-0.029083753632260782,0.19079999999999997
-0.029417857176366274,0.19061999999999998
-0.02974696203877642,0.19043999999999997
-0.030071234771868627,0.19025999999999998
-0.03039083240992369,0.19007999999999997
-0.030705903218455146,0.18989999999999999
-0.031016587369190805,0.18971999999999997
-0.031323017549536314,0.18954
-0.03162531951413909,0.18935999999999997
-0.031923612585141765,0.18918
-0.032218010106849285,0.18899999999999997
-0.03250861985979,0.18881999999999996
-0.032795544438523436,0.18863999999999997
-0.03307888159700409,0.18845999999999996
-0.03335872456484632,0.18827999999999998
-0.03363516233743684,0.18809999999999996
-0.033908279942491806,0.18791999999999998
-0.034178158685359436,0.18773999999999996
-0.03444487637510429,0.18755999999999998
-0.034708507533186286,0.18737999999999996
-0.034969123586345116,0.18719999999999998
-0.035226793045130225,0.18701999999999996
-0.03548158166936197,0.18683999999999998
-0.03573355262167641,0.18665999999999996
-0.035982766610187525,0.18647999999999998
-0.03622928202119634,0.18629999999999997
-0.03647315504278403,0.18611999999999998
-0.03671443978004403,0.18593999999999997
-0.03695318836263511,0.18575999999999998
-0.037189451045272985,0.18557999999999997
-0.03742327630171961,0.18539999999999998
-0.03765471091277824,0.18521999999999997
-0.03788380004875509,0.18503999999999998
-0.038110587346808875,0.18485999999999997
-0.03833511498356949,0.18467999999999998
-0.038557423743376895,0.18449999999999997
-0.03877755308245779,0.18431999999999998
-0.038995541189333925,0.18413999999999997
-0.03921142504172788,0.18395999999999998
-0.03942524046021326,0.18377999999999997
-0.039637022158833274,0.18359999999999999
-0.03984680379289608,0.18341999999999997
-0.04005461800413597,0.18324
-0.04026049646341762,0.18305999999999997
-0.040464469911143476,0.18288
-0.04066656819551537,0.18269999999999997
-0.04086682030878691,0.18251999999999996
-0.04106525442163544,0.18233999999999997
-0.04126189791577092,0.18215999999999996
-0.0414567774148918,0.18197999999999998
-0.04164991881408887,0.18179999999999996
-0.04184134730779179,0.18161999999999998
-0.04203108741634555,0.18143999999999996
-0.04221916301129822,0.18125999999999998
-0.04240559733947605,0.18107999999999996
-0.04259041304591579,0.18089999999999998
-0.042773632195720834,0.18071999999999996
-0.04295527629490136,0.18053999999999998
-0.043135366310256995,0.18035999999999996
-0.04331392268835395,0.18017999999999998
-0.04349096537364806,0.17999999999999997
-0.043666513825798975,0.17981999999999998
-0.043840587036220714,0.17963999999999997
-0.04401320354390796,0.17945999999999998
-0.044184381450578,0.17927999999999997
-0.0443541384351629,0.17909999999999998
-0.04452249176768708,0.17891999999999997
-0.044689458322560376,0.17873999999999998
-0.044855054591318326,0.17855999999999997
-0.045019296694835675,0.17837999999999998
-0.04518220039504113,0.17819999999999997
-0.045343781106157055,0.17801999999999998
-0.04550405390548819,0.17783999999999997
-0.04566303354378063,0.17765999999999998
-0.04582073445517294,0.17747999999999997
-0.045977170766757565,0.17729999999999999
-0.046132356307772425,0.17711999999999997
-0.04628630461843886,0.17694
-0.04643902895846361,0.17675999999999997
-0.04659054231521923,0.17658
-0.04674085741161879,0.17639999999999997
-0.04688998671369777,0.17622
-0.047037942437917174,0.17603999999999997
-0.047184736558199866,0.17585999999999996
-0.04733038081271207,0.17567999999999998
-0.04747488671040148,0.17549999999999996
-0.04761826553730214,0.17531999999999998
-0.04776052836261686,0.17513999999999996
-0.047901686044585834,0.17495999999999998
-0.048041749236151815,0.17477999999999996
-0.04818072839042899,0.17459999999999998
-0.048318633765985164,0.17441999999999996
-0.04845547543194402,0.17423999999999998
-0.04859126327291554,0.17405999999999996
-0.048726006993761284,0.17387999999999998
-0.048859716124201424,0.17369999999999997
-0.04899240002326974,0.17351999999999998
-0.04912406788362311,0.17333999999999997
-0.04925472873571066,0.17315999999999998
-0.04938439145180868,0.17297999999999997
-0.049513064749926214,0.17279999999999998
-0.049640757197586746,0.17261999999999997
-0.049767477215490186,0.17243999999999998
-0.0498932330810605,0.17225999999999997
-0.05001803293188253,0.17207999999999998
-0.050141884769033085,0.17189999999999997
-0.0502647964603095,0.17171999999999998
-0.05038677574335988,0.17153999999999997
-0.05050783022871881,0.17135999999999998
-0.050627967402751536,0.17117999999999997
-0.05074719463051053,0.17099999999999999
-0.05086551915850711,0.17081999999999997
-0.0509829481174017,0.17064
-0.05109948852461507,0.17045999999999997
-0.05121514728686399,0.17028
-0.05132993120262337,0.17009999999999997
-0.051443846964518036,0.16992
-0.05155690116164621,0.16973999999999997
-0.05166910028183708,0.16956
-0.05178045071384509,0.16937999999999998
-0.05189095874948274,0.16919999999999996
-0.05200063058569404,0.16901999999999998
-0.052109472326571024,0.16883999999999996
-0.052217489985314475,0.16865999999999998
-0.052324689486141704,0.16847999999999996
-0.05243107666614215,0.16829999999999998
-0.052536657277083426,0.16811999999999996
-0.05264143698716857,0.16793999999999998
-0.05274542138274703,0.16775999999999996
-0.05284861596997992,0.16757999999999998
-0.05295102617646187,0.16739999999999997
-0.05305265735280025,0.16721999999999998
-0.05315351477415349,0.16703999999999997
-0.05325360364172954,0.16685999999999998
-0.05335292908424604,0.16667999999999997
-0.05345149615935304,0.16649999999999998
-0.0535493098550197,0.16631999999999997
-0.05364637509088588,0.16613999999999998
-0.05374269671958005,0.16595999999999997
-0.053838279528004025,0.16577999999999998
-0.053933128238586064,0.16559999999999997
-0.054027247510502856,0.16541999999999998
-0.0541206419408717,0.16523999999999997
-0.054213316065913474,0.16505999999999998
-0.0543052743620875,0.16487999999999997
-0.05439652124719883,0.16469999999999999
-0.0544870610814792,0.16451999999999997
-0.05457689816864196,0.16433999999999999
-0.05466603675691221,0.16415999999999997
-0.05475448104003225,0.16398
-0.054842235158243866,0.16379999999999997
-0.054929303199247194,0.16362
-0.05501568919913777,0.16343999999999997
-0.05510139714332142,0.16326
-0.05518643096740866,0.16307999999999997
-0.055270794558088074,0.1629
-0.0553544917539803,0.16271999999999998
-0.05543752634647231,0.16253999999999996
-0.055519902080533166,0.16235999999999998
-0.05560162265551131,0.16217999999999996
-0.05568269172591417,0.16199999999999998
-0.05576311290217048,0.16181999999999996
-0.05584288975137569,0.16163999999999998
-0.055922025798021024,0.16145999999999996
-0.05600052452470672,0.16127999999999998
-0.05607838937283961,0.16109999999999997
-0.0561556237433157,0.16091999999999998
-0.056232230997187965,0.16073999999999997
-0.05630821445631985,0.16055999999999998
-0.05638357740402507,0.16037999999999997
-0.05645832308569333,0.16019999999999998
-0.05653245470940336,0.16001999999999997
-0.056605975446522704,0.15983999999999998
-0.056678888432295155,0.15965999999999997
-0.05675119676641581,0.15947999999999998
-0.05682290351359437,0.15929999999999997
-0.056894011704106656,0.15911999999999998
-0.05696452433433495,0.15893999999999997
-0.05703444436729718,0.15875999999999998
-0.0571037747331654,0.15857999999999997
-0.0571725183297737,0.15839999999999999
-0.057240678023116054,0.15821999999999997
-0.057308256647833934,0.15803999999999999
-0.05737525700769436,0.15785999999999997
-0.057441681876058345,0.15768
-0.05750753399634031,0.15749999999999997
-0.05757281608245789,0.15732
-0.057637530819273634,0.15713999999999997
-0.057701680863027516,0.15696
-0.05776526884176124,0.15677999999999997
-0.05782829735573444,0.1566
-0.05789076897783267,0.15641999999999998
-0.057952686253967586,0.15623999999999996
-0.05801405170346964,0.15605999999999998
-0.05807486781947316,0.15587999999999996
-0.058135137069294116,0.15569999999999998
-0.05819486189480087,0.15551999999999996
-0.05825404471277787,0.15533999999999998
-0.058312687915282595,0.15515999999999996
-0.05837079386999583,0.15497999999999998
-0.05842836492056541,0.15479999999999997
-0.05848540338694369,0.15461999999999998
-0.05854191156571875,0.15443999999999997
-0.058597891730439514,0.15425999999999998
-0.05865334613193505,0.15407999999999997
-0.05870827699862787,0.15389999999999998
-0.058762686536841816,0.15371999999999997
-0.05881657693110417,0.15353999999999998
-0.05886995034444242,0.15335999999999997
-0.05892280891867584,0.15317999999999998
-0.05897515477470165,0.15299999999999997
-0.05902699001277629,0.15281999999999998
-0.05907831671279165,0.15263999999999997
-0.05912913693454643,0.15245999999999998
-0.05917945271801281,0.15227999999999997
-0.0592292660835983,0.15209999999999999
-0.05927857903240338,0.15191999999999997
-0.05932739354647413,0.15173999999999999
-0.05937571158905118,0.15155999999999997
-0.059423535104813754,0.15138
-0.05947086602011988,0.15119999999999997
-0.059517706243242555,0.15102
-0.0595640576646016,0.15083999999999997
-0.05960992215699182,0.15066
-0.05965530157580731,0.15047999999999997
-0.05970019775926193,0.1503
-0.05974461252860595,0.15011999999999998
-0.059788547688339536,0.14994
-0.059832005026422067,0.14975999999999998
-0.05987498631447856,0.14957999999999996
-0.05991749330800224,0.14939999999999998
-0.05995952774655412,0.14921999999999996
-0.06000109135395913,0.14903999999999998
-0.06004218583849906,0.14885999999999996
-0.06008281289310246,0.14867999999999998
-0.06012297419553135,0.14849999999999997
-0.06016267140856496,0.14831999999999998
-0.06020190618018059,0.14813999999999997
-0.060240680143731434,0.14795999999999998
-0.06027899491812173,0.14777999999999997
-0.06031685210797887,0.14759999999999998
-0.06035425330382317,0.14741999999999997
-0.06039120008223453,0.14723999999999998
-0.06042769400601675,0.14705999999999997
-0.060463736624359186,0.14687999999999998
-0.06049932947299591,0.14669999999999997
-0.06053447407436233,0.14651999999999998
-0.06056917193774934,0.14633999999999997
-0.06060342455945528,0.14615999999999998
-0.06063723342293535,0.14597999999999997
-0.060670599998948825,0.14579999999999999
-0.06070352574570393,0.14561999999999997
-0.06073601210900066,0.14543999999999999
-0.060768060522371256,0.14525999999999997
-0.0607996724072187,0.14508
-0.06083084917295285,0.14489999999999997
-0.060861592217125005,0.14472
-0.06089190292555992,0.14453999999999997
-0.06092178267248613,0.14436
-0.06095123282066436,0.14417999999999997
-0.060980254721513846,0.144
-0.06100884971523693,0.14381999999999998
-0.0610370191309418,0.14364
-0.06106476428676325,0.14345999999999998
-0.06109208648998195,0.14328
-0.061118987037141706,0.14309999999999998
-0.06114546721416523,0.14292
-0.06117152829646799,0.14273999999999998
-0.0611971715490706,0.14256
-0.06122239822670958,0.14237999999999998
-0.061247209573946304,0.1422
-0.061271606825274674,0.14201999999999998
-0.06129559120522709,0.14184
-0.06131916392847879,0.14165999999999998
-0.061342326199951044,0.14148
-0.061365079214912535,0.14129999999999998
-0.0613874241590795,0.14112
-0.06140936220871439,0.14093999999999998
-0.06143089453072316,0.14076
-0.06145202228275119,0.14057999999999998
-0.06147274661327787,0.1404
-0.06149306866170981,0.14021999999999998
-0.061512989558472855,0.14004
-0.06153251042510274,0.13985999999999998
-0.061551632374334544,0.13967999999999997
-0.06157035651019077,0.13949999999999999
-0.0615886839280685,0.13931999999999997
-0.06160661571482505,0.13913999999999999
-0.06162415294886264,0.13895999999999997
-0.06164129670021178,0.13878
-0.06165804803061371,0.13859999999999997
-0.06167440799360145,0.13842
-0.06169037763458009,0.13823999999999997
-0.06170595799090556,0.13806
-0.06172115009196285,0.13787999999999997
-0.061735954959242764,0.1377
-0.061750373606417844,0.13751999999999998
-0.06176440703941721,0.13734
-0.06177805625650046,0.13715999999999998
-0.06179132224833052,0.13698
-0.06180420599804566,0.13679999999999998
-0.061816708481330335,0.13662
-0.06182883066648527,0.13643999999999998
-0.061840573514496636,0.13626
-0.061851937979104106,0.13607999999999998
-0.06186292500686836,0.1359
-0.06187353553723736,0.13571999999999998
-0.06188377050261197,0.13554
-0.06189363082841072,0.13535999999999998
-0.06190311743313358,0.13518
-0.06191223122842516,0.13499999999999998
-0.061920973119136725,0.13482
-0.0619293440033879,0.13463999999999998
-0.06193734477262709,0.13446
-0.06194497631169149,0.13427999999999998
-0.06195223949886608,0.1341
-0.06195913520594208,0.13391999999999998
-0.061965664298274534,0.13374
-0.06197182763483909,0.13355999999999998
-0.06197762606828831,0.13338
-0.06198306044500698,0.13319999999999999
-0.06198813160516693,0.13301999999999997
-0.06199284038278108,0.13283999999999999
-0.061997187605756815,0.13265999999999997
-0.06200117409594867,0.13248
-0.06200480066921042,0.13229999999999997
-0.06200806813544647,0.13212
-0.06201097729866258,0.13193999999999997
-0.062013528957016034,0.13176
-0.062015723902865146,0.13157999999999997
-0.06201756292281813,0.1314
-0.062019046797781405,0.13121999999999998
-0.06202017630300727,0.13104
-0.06202095220814103,0.13085999999999998
-0.06202137527726755,0.13068
-0.06202144626895716,0.13049999999999998
-0.062021165936311067,0.13032
-0.062020535027006204,0.13013999999999998
-0.06201955428333955,0.12996
-0.062018224442271806,0.12977999999999998
-0.062016546235470676,0.1296
-0.06201452038935359,0.12941999999999998
-0.06201214762512982,0.12924
-0.06200942865884217,0.12905999999999998
-0.06200636420140816,0.12888
-0.0620029549586607,0.12869999999999998
-0.06199920163138822,0.12852
-0.061995104915374466,0.12833999999999998
-0.06199066550143762,0.12816
-0.061985884075469094,0.12797999999999998
-0.06198076131847182,0.1278
-0.061975297906598115,0.12761999999999998
-0.061969494511186995,0.12744
-0.06196335179880111,0.12725999999999998
-0.061956870431263356,0.12708
-0.06195005106569276,0.12689999999999999
-0.06194289435454026,0.12672
-0.06193540094562383,0.12653999999999999
-0.06192757148216332,0.12635999999999997
-0.061919406602814836,0.12618
-0.061910906941704674,0.12599999999999997
-0.06190207312846295,0.12582
-0.06189290578825675,0.12563999999999997
-0.06188340554182291,0.12546
-0.061873573005500476,0.12527999999999997
-0.061863408791262696,0.1251
-0.06185291350674864,0.12491999999999999
-0.061842087755294456,0.12473999999999999
-0.061830932135964425,0.12455999999999999
-0.06181944724358137,0.12437999999999999
-0.06180763366875687,0.12419999999999999
-0.06179549199792113,0.12401999999999999
-0.061783022813352496,0.12383999999999999
-0.06177022669320652,0.12365999999999999
-0.06175710421154486,0.12347999999999999
-0.06174365593836367,0.12329999999999999
-0.06172988243962182,0.12312
-0.06171578427726859,0.12294
-0.06170136200927134,0.12276
-0.061686616189642496,0.12258
-0.061671547368466514,0.1224
-0.061656156091926366,0.12222
-0.06164044290232981,0.12204
-0.06162440833813533,0.12186
-0.06160805293397767,0.12168
-0.06159137722069332,0.1215
-0.06157438172534538,0.12132
-0.06155706697124847,0.12114
-0.06153943347799301,0.12096
-0.0615214817614696,0.12078
-0.061503212333892734,0.1206
-0.06148462570382451,0.12042
-0.061465722376197934,0.12024
-0.06144650285234006,0.12006
-0.061426967629994694,0.11987999999999999
-0.06140711720334498,0.11969999999999999
-0.0613869520630357,0.11951999999999999
-0.06136647269619523,0.11933999999999999
-0.06134567958645742,0.11915999999999999
-0.06132457321398292,0.11897999999999999
-0.06130315405548063,0.11879999999999999
-0.06128142258422853,0.11861999999999999
-0.061259379270094616,0.11843999999999999
-0.06123702457955729,0.11825999999999999
-0.06121435897572568,0.11807999999999999
-0.06119138291835974,0.11789999999999999
-0.061168096863889965,0.11771999999999999
-0.061144501265437065,0.11753999999999999
-0.06112059657283126,0.11735999999999999
-0.06109638323263139,0.11717999999999999
-0.06107186168814384,0.11699999999999999
-0.0610470323794412,0.11682
-0.061021895743380704,0.11664
-0.06099645221362254,0.11646
-0.06097070222064777,0.11628
-0.060944646191776176,0.1161
-0.06091828455118388,0.11592
-0.060891617719920646,0.11574
-0.06086464611592721,0.11556
-0.06083737015405208,0.11538
-0.06080979024606843,0.1152
-0.06078190680069061,0.11502
-0.06075372022359048,0.11484
-0.06072523091741373,0.11466
-0.06069643928179569,0.11448
-0.06066734571337716,0.1143
-0.06063795060582008,0.11412
-0.06060825434982281,0.11394
-0.060578257333135474,0.11376
-0.060547959940574866,0.11358
-0.06051736255403933,0.11339999999999999
-0.06048646555252351,0.11321999999999999
-0.06045526931213267,0.11303999999999999
-0.060423774206097125,0.11285999999999999
-0.0603919806047863,0.11267999999999999
-0.060359888875722675,0.11249999999999999
-0.06032749938359558,0.11231999999999999
-0.06029481249027476,0.11213999999999999
-0.06026182855482386,0.11195999999999999
-0.06022854793351355,0.11177999999999999
-0.06019497097983478,0.11159999999999999
-0.060161098044511585,0.11141999999999999
-0.06012692947551384,0.11123999999999999
-0.06009246561806992,0.11105999999999999
-0.060057706814679,0.11087999999999999
-0.06002265340512347,0.11069999999999999
-0.05998730572648091,0.11052
-0.05995166411313611,0.11034
-0.05991572889679278,0.11016
-0.059879500406485264,0.10998
-0.05984297896858995,0.1098
-0.05980616490683659,0.10962
-0.05976905854231948,0.10944
-0.05973166019350849,0.10926
-0.05969397017625988,0.10908
-0.059655988803827026,0.1089
-0.05961771638687099,0.10872
-0.05957915323347095,0.10854
-0.05954029964913443,0.10836
-0.05950115593680745,0.10818
-0.059461722396884444,0.108
-0.05942199932721822,0.10782
-0.05938198702312954,0.10764
-0.05934168577741666,0.10746
-0.059301095880364814,0.10728
-0.05926021761975546,0.1071
-0.059219051280875346,0.10692
-0.05917759714652562,0.10673999999999999
-0.059135855497030515,0.10655999999999999
-0.059093826610246286,0.10637999999999999
-0.05905151076156957,0.10619999999999999
-0.059008908223945986,0.10601999999999999
-0.058966019267878395,0.10583999999999999
-0.05892284416143507,0.10565999999999999
-0.0588793831702577,0.10547999999999999
-0.05883563655756949,0.10529999999999999
-0.058791604584182686,0.10511999999999999
-0.05874728750850644,0.10493999999999999
-0.05870268558655421,0.10475999999999999
-0.058657799071951226,0.10457999999999999
-0.05861262821594171,0.10439999999999999
-0.05856717326739602,0.10422
-0.05852143447281777,0.10404
-0.05847541207635049,0.10386
-0.05842910631978461,0.10368
-0.058382517442563994,0.1035
-0.05833564568179244,0.10332
-0.058288491272240096,0.10314
-0.05824105444634971,0.10296
-0.05819333543424281,0.10278
-0.058145334463725586,0.1026
-0.058097051760294977,0.10242
-0.05804848754714431,0.10224
-0.05799964204516898,0.10206
-0.05795051547297199,0.10188
-0.057901108046869335,0.1017
-0.057851419980895324,0.10152
-0.05780145148680778,0.10134
-0.057751202774092986,0.10116
-0.05770067404997067,0.10098
-0.05764986551939885,0.1008
-0.057598777385078515,0.10062
-0.05754740984745815,0.10044
-0.05749576310473822,0.10025999999999999
-0.057443837352875546,0.10007999999999999
-0.05739163278558748,0.09989999999999999
-0.057339149594356015,0.09971999999999999
-0.057286387968431815,0.09953999999999999
-0.05723334809483803,0.09935999999999999
-0.05718003015837406,0.09917999999999999
-0.057126434341619285,0.09899999999999999
-0.05707256082493646,0.09881999999999999
-0.057018409786475155,0.09863999999999999
-0.05696398140217511,0.09845999999999999
-0.056909275845769366,0.09827999999999999
-0.056854293288787286,0.09809999999999999
-0.05679903390055756,0.09792
-0.056743497848211026,0.09774
-0.05668768529668335,0.09756
-0.056631596408717635,0.09738
-0.056575231344866965,0.0972
-0.05651859026349661,0.09702
-0.0564616733207865,0.09684
-0.05640448067073314,0.09666
-0.05634701246515184,0.09648
-0.05628926885367844,0.0963
-0.05623124998377124,0.09612
-0.05617295600071255,0.09594
-0.05611438704761034,0.09576
-0.056055543265399646,0.09558
-0.05599642479284392,0.0954
-0.05593703176653623,0.09522
-0.055877364320900305,0.09504
-0.055817422588191605,0.09486
-0.05575720669849815,0.09468
-0.05569671677974118,0.0945
-0.05563595295767593,0.09432
-0.05557491535589201,0.09414
-0.05551360409581392,0.09396
-0.055452019296701176,0.09378
-0.05539016107564862,0.09359999999999999
-0.05532802954758635,0.09341999999999999
-0.055265624825279705,0.09323999999999999
-0.05520294701932903,0.09305999999999999
-0.055139996238169384,0.09287999999999999
-0.05507677258807006,0.09269999999999999
-0.0550132761731341,0.09251999999999999
-0.05494950709529753,0.09233999999999999
-0.0548854654543286,0.09215999999999999
-0.05482115134782693,0.09197999999999999
-0.05475656487122233,0.09179999999999999
-0.054691706117773735,0.09162
-0.05462657517856792,0.09144
-0.054561172142518016,0.09126
-0.05449549709636202,0.09108
-0.05442955012466119,0.0909
-0.05436333130979811,0.09072
-0.05429684073197495,0.09054
-0.054230078469211324,0.09036
-0.054163044597342155,0.09018
-0.05409573919001538,0.09
-0.05402816231868952,0.08982
-0.053960314052631186,0.08964
-0.05389219445891233,0.08946
-0.05382380360240747,0.08928
-0.053755141545790724,0.0891
-0.05368620834953281,0.08892
-0.05361700407189777,0.08874
-0.05354752876893963,0.08856
-0.053477782494498985,0.08838
-0.05340776530019937,0.0882
-0.05333747723544345,0.08802
-0.05326691834740925,0.08784
-0.05319608868104606,0.08766
-0.05312498827907029,0.08748
-0.05305361718196121,0.0873
-0.05298197542795643,0.08711999999999999
-0.05291006305304742,0.08693999999999999
-0.05283788009097473,0.08675999999999999
-0.052765426573223126,0.08657999999999999
-0.052692702529016554,0.08639999999999999
-0.05261970798531303,0.08621999999999999
-0.052546442966799334,0.08603999999999999
-0.052472907495885485,0.08585999999999999
-0.05239910159269921,0.08567999999999999
-0.05232502527508015,0.08549999999999999
-0.052250678558573946,0.08532
-0.05217606145642619,0.08514
-0.052101173979576254,0.08496
-0.052026016136650775,0.08478
-0.05195058793395729,0.0846
-0.051874889375477407,0.08442
-0.051798920462860054,0.08424
-0.0517226811954144,0.08406
-0.05164617157010272,0.08388
-0.051569391581532946,0.0837
-0.05149234122195136,0.08352
-0.05141502048123467,0.08334
-0.051337429346882374,0.08316
-0.05125956780400857,0.08298
-0.051181435835333876,0.0828
-0.051103033421177,0.08262
-0.0510243605394462,0.08244
-0.050945417165630585,0.08226
-0.05086620327279117,0.08208
-0.050786718831551794,0.0819
-0.05070696381008984,0.08172
-0.05062693817412685,0.08154
-0.05054664188691871,0.08136
-0.05046607490924593,0.08118
-0.05038523719940361,0.081
-0.05030412871319119,0.08082
-0.05022274940390192,0.08064
-0.05014109922231243,0.08045999999999999
-0.05005917811667172,0.08027999999999999
-0.049976986032690254,0.08009999999999999
-0.04989452291352858,0.07991999999999999
-0.04981178869978607,0.07973999999999999
-0.04972878332948906,0.07955999999999999
-0.049645506738079104,0.07937999999999999
-0.049561958858400854,0.07919999999999999
-0.049478139620689705,0.07901999999999999
-0.049394048952559284,0.07884
-0.049309686778988754,0.07866
-0.04922505302230969,0.07848
-0.04914014760219303,0.0783
-0.04905497043563544,0.07812
-0.048969521436945815,0.07794
-0.04888380051773118,0.07776
-0.04879780758688264,0.07758
-0.04871154255056091,0.0774
-0.048625005312181654,0.07722
-0.04853819577240062,0.07704
-0.04845111382909835,0.07686
-0.048363759377364854,0.07668
-0.04827613230948391,0.0765
-0.04818823251491701,0.07632
-0.048100059880287246,0.07614
-0.048011614289362736,0.07596
-0.04792289562303986,0.07578
-0.04783390375932616,0.0756
-0.04774463857332305,0.07541999999999999
-0.04765509993720815,0.07523999999999999
-0.047565287720217383,0.07505999999999999
-0.047475201788626645,0.07487999999999999
-0.047384842005733396,0.07469999999999999
-0.04729420823183774,0.07451999999999999
-0.047203300324223374,0.07433999999999999
-0.04711211813713795,0.07415999999999999
-0.04702066152177348,0.07397999999999999
-0.0469289303262461,0.07379999999999999
-0.04683692439557573,0.07361999999999999
-0.046744643571665134,0.07343999999999999
-0.04665208769327904,0.07325999999999999
-0.04655925659602247,0.07307999999999999
-0.04646615011231905,0.07289999999999999
-0.04637276807138882,0.07271999999999999
-0.046279110299225705,0.07254
-0.0461851766185746,0.07236
-0.04609096684890815,0.07218
-0.04599648080640305,0.072
-0.045901718303916095,0.07182
-0.045806679150959685,0.07164
-0.045711363153677076,0.07146
-0.04561577011481713,0.07128
-0.04551989983370867,0.0711
-0.04542375210623444,0.07092
-0.04532732672480476,0.07074
-0.0452306234783304,0.07056
-0.045133642152195494,0.07038
-0.04503638252822955,0.0702
-0.04493884438467943,0.07002
-0.044841027496180436,0.06984
-0.04474293163372739,0.06966
-0.04464455656464483,0.06948
-0.04454590205255698,0.0693
-0.044446967857357106,0.06912
-0.04434775373517647,0.06893999999999999
-0.0442482594383527,0.06875999999999999
-0.04414848471539764,0.06857999999999999
-0.044048429310964705,0.06839999999999999
-0.043948092965815734,0.06821999999999999
-0.043847475416787185,0.06803999999999999
-0.04374657639675598,0.06785999999999999
-0.04364539563460447,0.06767999999999999
-0.0435439328551852,0.06749999999999999
-0.04344218777928479,0.06731999999999999
-0.04334016012358736,0.06713999999999999
-0.04323784960063731,0.06695999999999999
-0.043135255918801615,0.06677999999999999
-0.043032378782231144,0.06659999999999999
-0.0429292178908218,0.06641999999999999
-0.04282577294017466,0.06624
-0.042722043621555586,0.06606
-0.04261802962185419,0.06588
-0.04251373062354202,0.0657
-0.04240914630463014,0.06552
-0.042304276338625914,0.06534
-0.042199120394489115,0.06516
-0.04209367813658728,0.06498
-0.04198794922465027,0.0648
-0.04188193331372421,0.06462
-0.04177563005412434,0.06444
-0.04166903909138749,0.06426
-0.04156216006622329,0.06408
-0.04145499261446493,0.0639
-0.041347536367018795,0.06372
-0.04123979094981342,0.06354
-0.04113175598374748,0.06336
-0.04102343108463684,0.06318
-0.040914815863160835,0.063
-0.04080590992480744,0.06282
-0.040696712869817575,0.06264
-0.04058722429312849,0.06246
-0.04047744378431603,0.06227999999999999
-0.04036737092753598,0.06209999999999999
-0.04025700530146434,0.06191999999999999
-0.040146346479236525,0.06173999999999999
-0.04003539402838557,0.06155999999999999
-0.03992414751077911,0.06137999999999999
-0.03981260648255532,0.06119999999999999
-0.039700770494057736,0.06101999999999999
-0.03958863908976882,0.06083999999999999
-0.03947621180824233,0.06065999999999999
-0.0393634881820346,0.06047999999999999
-0.039250467737634374,0.06029999999999999
-0.039137149995391564,0.06011999999999999
-0.03902353446944451,0.05993999999999999
-0.03890962066764611,0.059759999999999994
-0.038795408091488404,0.059579999999999994
-0.0386808962360259,0.059399999999999994
-0.038566084589797434,0.059219999999999995
-0.03845097263474652,0.059039999999999995
-0.03833555984614038,0.058859999999999996
-0.03821984569248724,0.058679999999999996
-0.038103829635452245,0.058499999999999996
-0.037987511129771695,0.05832
-0.03787088962316571,0.05814
-0.037753964556249235,0.05796
-0.037636735362441234,0.05778
-0.03751920146787238,0.0576
-0.03740136229129072,0.05742
-0.03728321724396566,0.05724
-0.0371647657295901,0.05706
-0.037046007144180555,0.05688
-0.036926940875975464,0.0567
-0.036807566305331406,0.05652
-0.03668788280461728,0.05634
-0.03656788973810649,0.05616
-0.03644758646186684,0.05598
-0.03632697232364834,0.05579999999999999
-0.03620604666276877,0.05561999999999999
-0.03608480880999682,0.05543999999999999
-0.03596325808743309,0.05525999999999999
-0.03584139380838841,0.05507999999999999
-0.0357192152772599,0.05489999999999999
-0.035596721789404415,0.05471999999999999
-0.035473912631009304,0.05453999999999999
-0.03535078707896069,0.05435999999999999
-0.0352273444007088,0.05417999999999999
-0.03510358385413069,0.05399999999999999
-0.03497950468738993,0.05381999999999999
-0.034855106138793474,0.05363999999999999
-0.03473038743664536,0.053459999999999994
-0.03460534779909751,0.053279999999999994
-0.034479986433997085,0.053099999999999994
-0.03435430253873083,0.052919999999999995
-0.034228295300065846,0.052739999999999995
-0.034101963893987106,0.052559999999999996
-0.033975307485531264,0.052379999999999996
-0.03384832522861698,0.052199999999999996
-0.0337210162658714,0.05202
-0.033593379728452895,0.05184
-0.03346541473586982,0.05166
-0.03333712039579523,0.05148
-0.03320849580387748,0.0513
-0.03307954004354653,0.05112
-0.03295025218581584,0.05094
-0.03282063128907982,0.05076
-0.032690676398906576,0.05058
-0.03256038654782595,0.0504
-0.03242976075511262,0.05022
-0.03229879802656415,0.05004
-0.03216749735427391,0.04986
-0.03203585771639855,0.04968
-0.031903878076920085,0.0495
-0.031771557385402285,0.04932
-0.03163889457674124,0.049139999999999996
-0.03150588857090992,0.04896
-0.031372538272696565,0.04878
-0.031238842571436796,0.0486
-0.03110480034073898,0.04841999999999999
-0.03097041043820311,0.04823999999999999
-0.030835671705132475,0.04805999999999999
-0.030700582966238378,0.04787999999999999
-0.030565143029337265,0.04769999999999999
-0.0304293506850404,0.04751999999999999
-0.0302932047064356,0.04733999999999999
-0.030156703848760867,0.047159999999999994
-0.030019846849069647,0.046979999999999994
-0.029882632425887484,0.046799999999999994
-0.02974505927885981,0.046619999999999995
-0.02960712608839044,0.046439999999999995
-0.029468831515270605,0.046259999999999996
-0.029330174200298244,0.046079999999999996
-0.02919115276388711,0.045899999999999996
-0.02905176580566543,0.04572
-0.028912011904063728,0.04554
-0.028771889615891534,0.04536
-0.028631397475902466,0.04518
-0.028490533996347427,0.045
-0.028349297666515415,0.04482
-0.02820768695226156,0.04464
-0.028065700295521946,0.04446
-0.027923336113814725,0.04428
-0.02778059279972709,0.0441
-0.027637468720387543,0.04392
-0.027493962216922997,0.04374
-0.027350071603900163,0.04356
-0.027205795168750505,0.043379999999999995
-0.027061131171178462,0.043199999999999995
-0.026916077842552004,0.043019999999999996
-0.026770633385275112,0.042839999999999996
-0.026624795972141305,0.04266
-0.0264785637456677,0.04248
-0.026331934817408743,0.0423
-0.026184907267248814,0.04212
-0.02603747914267305,0.04194
-0.02588964845801536,0.04175999999999999
-0.025741413193682852,0.04157999999999999
-0.025592771295355754,0.04139999999999999
-0.02544372067316171,0.04121999999999999
-0.025294259200823753,0.04103999999999999
-0.02514438471478043,0.040859999999999994
-0.02499409501327742,0.040679999999999994
-0.02484338785542917,0.040499999999999994
-0.0246922609602494,0.040319999999999995
-0.024540712005649272,0.040139999999999995
-0.02438873862740174,0.039959999999999996
-0.024236338418070713,0.039779999999999996
-0.024083508925903552,0.039599999999999996
-0.02393024765368531,0.03942
-0.02377655205755303,0.03924
-0.023622419545768446,0.03906
-0.023467847477447117,0.03888
-0.0233128331612422,0.0387
-0.023157373853980767,0.03852
-0.023001466759250504,0.03834
-0.022845109025934573,0.03816
-0.022688297746692232,0.03798
-0.022531029956382696,0.0378
-0.022373302630429595,0.03762
-0.022215112683123192,0.03744
-0.022056456965857466,0.03726
-0.021897332265298795,0.03708
-0.02173773530148306,0.036899999999999995
-0.021577662725837554,0.036719999999999996
-0.021417111119124033,0.036539999999999996
-0.021256076989298902,0.036359999999999996
-0.02109455676928644,0.03618
-0.020932546814660554,0.036
-0.02077004340123034,0.03582
-0.020607042722524508,0.03564
-0.020443540887169348,0.03546
-0.02027953391615448,0.03527999999999999
-0.02011501773998054,0.03509999999999999
-0.019949988195682146,0.03491999999999999
-0.01978444102371962,0.03473999999999999
-0.019618371864731934,0.034559999999999994
-0.019451776256143173,0.034379999999999994
-0.019284649628614318,0.034199999999999994
-0.019116987302331353,0.034019999999999995
-0.01894878448312031,0.033839999999999995
-0.018780036258379037,0.033659999999999995
-0.01861073759281489,0.033479999999999996
-0.018440883323976722,0.033299999999999996
-0.018270468157568547,0.03312
-0.018099486662531736,0.03294
-0.017927933265881085,0.03276
-0.017755802247279462,0.03258
-0.017583087733334318,0.0324
-0.017409783691598135,0.03222
-0.017235883924253487,0.03204
-0.01706138206146181,0.03186
-0.01688627155435347,0.03168
-0.01671054566763464,0.0315
-0.01653419747178466,0.03132
-0.016357219834815438,0.031139999999999998
-0.016179605413561778,0.030959999999999998
-0.016001346644469082,0.03078
-0.01582243573384192,0.030599999999999995
-0.0156428646475137,0.030419999999999996
-0.015462625099894066,0.030239999999999996
-0.01528170854234693,0.030059999999999996
-0.01510010615084741,0.029879999999999997
-0.014917808812861404,0.029699999999999997
-0.01473480711338597,0.029519999999999998
-0.014551091320082829,0.029339999999999998
-0.014366651367430709,0.02916
-0.014181476839814772,0.02898
-0.013995556953463124,0.0288
-0.013808880537131224,0.02862
-0.013621436011424555,0.02844
-0.013433211366638243,0.028259999999999997
-0.01324419413897934,0.028079999999999997
-0.013054371385022426,0.027899999999999998
-0.0128637296542327,0.027719999999999998
-0.012672254959371562,0.02754
-0.012479932744578332,0.027359999999999995
-0.012286747850897058,0.027179999999999996
-0.012092684478989615,0.026999999999999996
-0.011897726148744146,0.026819999999999997
-0.011701855655451426,0.026639999999999997
-0.011505055022179462,0.026459999999999997
-0.011307305447928115,0.026279999999999998
-0.01110858725108952,0.026099999999999998
-0.010908879807674783,0.02592
-0.010708161483691856,0.02574
-0.010506409560971108,0.02556
-0.010303600155631587,0.02538
-0.010099708128259477,0.0252
-0.00989470698472663,0.025019999999999997
-0.009688568766407507,0.024839999999999997
-0.009481263928350525,0.024659999999999998
-0.009272761203718956,0.02448
-0.009063027452526951,0.0243
-0.009000000000000001,0.02412
-0.009000000000000001,0.023939999999999996
-0.009000000000000001,0.023759999999999996
-0.009000000000000001,0.023579999999999997
-0.009000000000000001,0.023399999999999997
-0.009000000000000001,0.023219999999999998
-0.009000000000000001,0.023039999999999998
-0.009000000000000001,0.02286
-0.009000000000000001,0.02268
-0.009000000000000001,0.0225
-0.009000000000000001,0.02232
-0.009000000000000001,0.02214
-0.009000000000000001,0.02196
-0.009000000000000001,0.021779999999999997
-0.009000000000000001,0.021599999999999998
-0.009000000000000001,0.021419999999999998
-0.009000000000000001,0.02124
-0.009000000000000001,0.02106
-0.009000000000000001,0.02088
-0.009000000000000001,0.0207
-0.009000000000000001,0.020519999999999997
-0.009000000000000001,0.020339999999999997
-0.009000000000000001,0.020159999999999997
-0.009000000000000001,0.019979999999999998
-0.009000000000000001,0.019799999999999998
-0.009000000000000001,0.01962
-0.009000000000000001,0.01944
-0.009000000000000001,0.01926
-0.009000000000000001,0.01908
-0.009000000000000001,0.0189
-0.009000000000000001,0.018719999999999997
-0.009000000000000001,0.018539999999999997
-0.009000000000000001,0.018359999999999998
-0.009000000000000001,0.018179999999999998
-0.009000000000000001,0.018
